{
  "info": {
    "name": "Project Grönland API",
    "schema": "https://schema.getpostman.com/json/collection/v2.1.0/collection.json"
  },
  "item": [
    {
      "name": "Auth",
      "item": [
        {
          "name": "Login",
          "request": {
            "method": "POST",
            "header": [],
            "body": {
              "mode": "raw",
              "raw": "{\n  \"email\": \"user@example.com\",\n  \"password\": \"password\"\n}",
              "options": { "raw": { "language": "json" } }
            },
            "url": { "raw": "{{baseUrl}}/api/v1/auth/login", "host": ["{{baseUrl}}"], "path": ["api", "v1", "auth", "login"] }
          }
        }
      ]
    },
    {
      "name": "Jobs",
      "item": [
        {
          "name": "List Jobs",
          "request": {
            "method": "GET",
            "header": [],
            "url": { "raw": "{{baseUrl}}/api/v1/jobs", "host": ["{{baseUrl}}"], "path": ["api", "v1", "jobs"] }
          }
        },
        {
          "name": "Create Job",
          "request": {
            "method": "POST",
            "header": [{ "key": "Authorization", "value": "Bearer {{token}}" }],
            "body": {
              "mode": "raw",
              "raw": "{\n  \"title\": \"Software Developer\",\n  \"description\": \"Job description\",\n  \"location\": \"Baden-Baden\",\n  \"employment_type\": \"full_time\"\n}",
              "options": { "raw": { "language": "json" } }
            },
            "url": { "raw": "{{baseUrl}}/api/v1/jobs", "host": ["{{baseUrl}}"], "path": ["api", "v1", "jobs"] }
          }
        }
      ]
    }
  ],
  "variable": [
    { "key": "baseUrl", "value": "http://localhost:4000" },
    { "key": "token", "value": "" }
  ]
}
